"ComputerName","Log","EventID","Datetime","User","Message"
"MEHVMC17","Microsoft-Windows-Hyper-V-StorageVSP-Admin","9","08/11/2022 07:06:48","NT AUTHORITY\SYSTEM","An I/O request for device 'C:\ClusterStorage\CSV-VM-PROD-35\MEHFORUM\2016 Image_disk_1b_98E52C94-5EAA-4558-9CE9-1C5BC066B9D2.avhdx' took 10173 milliseconds to complete. Operation code = READ SUB CHANNEL, Data transfer length = 824, Status = SRB_STATUS_SUCCESS."
"MEHVMC13","microsoft-windows-hyper-v-storagevsp-admin","9","08/11/2022 07:05:01","NT AUTHORITY\SYSTEM","An I/O request for device 'C:\ClusterStorage\CSV-VM-PROD-03\APPLICATIONS2\APPLICATIONS2_DISK_1.VHDX' took 10585 milliseconds to complete. Operation code = READ SUB CHANNEL, Data transfer length = 1000, Status = SRB_STATUS_SUCCESS."
"MEHVMC12","Microsoft-Windows-Hyper-V-StorageVSP-Admin","9","08/11/2022 07:04:17","NT AUTHORITY\SYSTEM","An I/O request for device 'C:\ClusterStorage\CSV-VM-PROD-15\MEHDEPLOY\MEHDEPLOY_DISK_1_3DAF8739-EFF2-4186-8E78-096121B7A38B.avhdx' took 10159 milliseconds to complete. Operation code = READ SUB CHANNEL, Data transfer length = 1000, Status = SRB_STATUS_SUCCESS."
"MEHVMC13","microsoft-windows-hyper-v-storagevsp-admin","9","08/11/2022 07:03:59","NT AUTHORITY\SYSTEM","An I/O request for device 'C:\ClusterStorage\CSV-VM-PROD-03\APPLICATIONS2\APPLICATIONS2_DISK_1.VHDX' took 10952 milliseconds to complete. Operation code = READ SUB CHANNEL, Data transfer length = 1000, Status = SRB_STATUS_SUCCESS."
"MEHVMC16","Microsoft-Windows-Hyper-V-StorageVSP-Admin","9","08/11/2022 07:03:24","NT AUTHORITY\SYSTEM","An I/O request for device 'C:\ClusterStorage\CSV-VM-PROD-01\MEHHYBRIDMAIL\Win2012R2-Aug16_disk_1.vhdx' took 10933 milliseconds to complete. Operation code = READ SUB CHANNEL, Data transfer length = 1000, Status = SRB_STATUS_SUCCESS."
"MEHVMC16","Microsoft-Windows-Hyper-V-StorageVSP-Admin","9","08/11/2022 07:02:36","NT AUTHORITY\SYSTEM","An I/O request for device 'C:\ClusterStorage\CSV-VM-PROD-02\MEHKOWA-New\MEHPRIPAT1_disk_1.vhdx' took 10169 milliseconds to complete. Operation code = READ SUB CHANNEL, Data transfer length = 1000, Status = SRB_STATUS_SUCCESS."
"MEHVMC13","microsoft-windows-hyper-v-storagevsp-admin","9","08/11/2022 06:07:35","","An I/O request for device 'C:\ClusterStorage\CSV-VM-PROD-30\MEHECOSTRUX\Win2019_disk_1.vhdx' took 22018 milliseconds to complete. Operation code = WRITE16, Data transfer length = 4096, Status = SRB_STATUS_SUCCESS."
"MEHVMC17","Microsoft-Windows-Hyper-V-StorageVSP-Admin","9","08/11/2022 06:06:49","NT AUTHORITY\SYSTEM","An I/O request for device 'C:\ClusterStorage\CSV-VM-PROD-35\MEHFORUM\2016 Image_disk_1b_98E52C94-5EAA-4558-9CE9-1C5BC066B9D2.avhdx' took 10332 milliseconds to complete. Operation code = READ SUB CHANNEL, Data transfer length = 1000, Status = SRB_STATUS_SUCCESS."
"MEHVMC13","microsoft-windows-hyper-v-storagevsp-admin","9","08/11/2022 06:06:03","NT AUTHORITY\SYSTEM","An I/O request for device 'C:\ClusterStorage\CSV-VM-PROD-03\APPLICATIONS2\APPLICATIONS2_DISK_1.VHDX' took 10165 milliseconds to complete. Operation code = READ SUB CHANNEL, Data transfer length = 1000, Status = SRB_STATUS_SUCCESS."
"MEHVMC16","Microsoft-Windows-Hyper-V-StorageVSP-Admin","9","08/11/2022 06:05:31","NT AUTHORITY\SYSTEM","An I/O request for device 'C:\ClusterStorage\CSV-VM-PROD-07\MEHSW\WIN2012R2-AUG16_DISK_1.VHDX' took 10288 milliseconds to complete. Operation code = READ SUB CHANNEL, Data transfer length = 1000, Status = SRB_STATUS_SUCCESS."
"MEHVMC16","Microsoft-Windows-Hyper-V-StorageVSP-Admin","9","08/11/2022 06:04:33","NT AUTHORITY\SYSTEM","An I/O request for device 'C:\ClusterStorage\CSV-VM-PROD-07\MEHSW\WIN2012R2-AUG16_DISK_1.VHDX' took 10397 milliseconds to complete. Operation code = READ SUB CHANNEL, Data transfer length = 984, Status = SRB_STATUS_SUCCESS."
"MEHVMC15","Microsoft-Windows-Hyper-V-StorageVSP-Admin","9","08/11/2022 06:04:30","NT AUTHORITY\SYSTEM","An I/O request for device 'C:\ClusterStorage\CSV-VM-PROD-21\MEHSHAREPOINT\Winserver2012_R2_disk_1_A40F1EAD-5CC0-4915-AA9A-5FA515BB6E6E.avhdx' took 10036 milliseconds to complete. Operation code = READ SUB CHANNEL, Data transfer length = 1000, Status = SRB_STATUS_SUCCESS."
"MEHVMC15","Microsoft-Windows-Hyper-V-StorageVSP-Admin","9","08/11/2022 06:03:59","NT AUTHORITY\SYSTEM","An I/O request for device 'C:\ClusterStorage\CSV-VM-PROD-21\MEHIMAGENET\BLANK DISK 72GB DYN.VHDX' took 10319 milliseconds to complete. Operation code = READ SUB CHANNEL, Data transfer length = 1000, Status = SRB_STATUS_SUCCESS."
"MEHVMC18","Microsoft-Windows-Hyper-V-StorageVSP-Admin","9","08/11/2022 06:03:53","NT AUTHORITY\SYSTEM","An I/O request for device 'C:\ClusterStorage\CSV-VM-PROD-01\MEHOPTOVUE\BLANK DISK 72GB DYN.VHDX' took 10309 milliseconds to complete. Operation code = READ SUB CHANNEL, Data transfer length = 1000, Status = SRB_STATUS_SUCCESS."
"MEHVMC17","Microsoft-Windows-Hyper-V-StorageVSP-Admin","9","08/11/2022 06:03:52","NT AUTHORITY\SYSTEM","An I/O request for device 'C:\ClusterStorage\CSV-VM-PROD-35\MEHFORUM\2016 Image_disk_1b_98E52C94-5EAA-4558-9CE9-1C5BC066B9D2.avhdx' took 10943 milliseconds to complete. Operation code = READ SUB CHANNEL, Data transfer length = 824, Status = SRB_STATUS_SUCCESS."
"MEHVMC15","Microsoft-Windows-Hyper-V-StorageVSP-Admin","9","08/11/2022 06:03:39","NT AUTHORITY\SYSTEM","An I/O request for device 'C:\ClusterStorage\CSV-VM-PROD-21\MEHIMAGENET\BLANK DISK 72GB DYN.VHDX' took 10108 milliseconds to complete. Operation code = READ SUB CHANNEL, Data transfer length = 1000, Status = SRB_STATUS_SUCCESS."
"MEHVMC16","Microsoft-Windows-Hyper-V-StorageVSP-Admin","9","08/11/2022 06:03:32","NT AUTHORITY\SYSTEM","An I/O request for device 'C:\ClusterStorage\CSV-VM-PROD-07\MEHSW\WIN2012R2-AUG16_DISK_1.VHDX' took 10821 milliseconds to complete. Operation code = READ SUB CHANNEL, Data transfer length = 1000, Status = SRB_STATUS_SUCCESS."
"MEHVMC15","Microsoft-Windows-Hyper-V-StorageVSP-Admin","9","08/11/2022 06:03:19","NT AUTHORITY\SYSTEM","An I/O request for device 'C:\ClusterStorage\CSV-VM-PROD-21\MEHIMAGENET\BLANK DISK 72GB DYN.VHDX' took 10174 milliseconds to complete. Operation code = READ SUB CHANNEL, Data transfer length = 1000, Status = SRB_STATUS_SUCCESS."
"MEHVMC16","Microsoft-Windows-Hyper-V-StorageVSP-Admin","9","08/11/2022 06:02:40","NT AUTHORITY\SYSTEM","An I/O request for device 'C:\ClusterStorage\CSV-VM-PROD-02\MEHKOWA-New\MEHPRIPAT1_disk_1.vhdx' took 10127 milliseconds to complete. Operation code = READ SUB CHANNEL, Data transfer length = 1000, Status = SRB_STATUS_SUCCESS."
"MEHVMC11","microsoft-windows-hyper-v-storagevsp-admin","9","08/11/2022 06:02:28","NT AUTHORITY\SYSTEM","An I/O request for device 'C:\ClusterStorage\CSV-VM-PROD-32\MEHTOMEYCASCIA-NEW\MEHTOMEYCASCIA-NEW_disk_1_711F05AD-F11F-4287-831B-A52CA0477F93.avhdx' took 10727 milliseconds to complete. Operation code = READ SUB CHANNEL, Data transfer length = 1000, Status = SRB_STATUS_SUCCESS."
"MEHVMC11","microsoft-windows-hyper-v-storagevsp-admin","9","08/11/2022 06:02:17","NT AUTHORITY\SYSTEM","An I/O request for device 'C:\ClusterStorage\CSV-VM-PROD-32\MEHTOMEYCASCIA-NEW\MEHTOMEYCASCIA-NEW_disk_1_711F05AD-F11F-4287-831B-A52CA0477F93.avhdx' took 10018 milliseconds to complete. Operation code = READ SUB CHANNEL, Data transfer length = 1000, Status = SRB_STATUS_SUCCESS."
"MEHVMC13","microsoft-windows-hyper-v-storagevsp-admin","9","08/11/2022 05:08:05","NT AUTHORITY\SYSTEM","An I/O request for device 'C:\ClusterStorage\CSV-VM-PROD-03\APPLICATIONS2\APPLICATIONS2_DISK_1.VHDX' took 10164 milliseconds to complete. Operation code = READ SUB CHANNEL, Data transfer length = 1000, Status = SRB_STATUS_SUCCESS."
"MEHVMC17","Microsoft-Windows-Hyper-V-StorageVSP-Admin","9","08/11/2022 05:06:51","NT AUTHORITY\SYSTEM","An I/O request for device 'C:\ClusterStorage\CSV-VM-PROD-35\MEHFORUM\2016 Image_disk_1b_98E52C94-5EAA-4558-9CE9-1C5BC066B9D2.avhdx' took 10317 milliseconds to complete. Operation code = READ SUB CHANNEL, Data transfer length = 792, Status = SRB_STATUS_SUCCESS."
"MEHVMC17","Microsoft-Windows-Hyper-V-StorageVSP-Admin","9","08/11/2022 05:06:51","NT AUTHORITY\SYSTEM","An I/O request for device 'C:\ClusterStorage\CSV-VM-PROD-36\MEHRHAP-PROD\2016 Image_disk_1_075C8F1A-2F47-4DCD-9595-76E9392CEDF0.avhdx' took 10873 milliseconds to complete. Operation code = READ SUB CHANNEL, Data transfer length = 1000, Status = SRB_STATUS_SUCCESS."
"MEHVMC18","Microsoft-Windows-Hyper-V-StorageVSP-Admin","9","08/11/2022 05:06:05","NT AUTHORITY\SYSTEM","An I/O request for device 'C:\ClusterStorage\CSV-VM-PROD-01\MEHOPTOVUE\BLANK DISK 72GB DYN.VHDX' took 10025 milliseconds to complete. Operation code = READ SUB CHANNEL, Data transfer length = 1000, Status = SRB_STATUS_SUCCESS."
"MEHVMC16","Microsoft-Windows-Hyper-V-StorageVSP-Admin","9","08/11/2022 05:04:49","NT AUTHORITY\SYSTEM","An I/O request for device 'C:\ClusterStorage\CSV-VM-PROD-01\MEHHYBRIDMAIL\Win2012R2-Aug16_disk_1.vhdx' took 21064 milliseconds to complete. Operation code = READ SUB CHANNEL, Data transfer length = 936, Status = SRB_STATUS_SUCCESS."
"MEHVMC13","microsoft-windows-hyper-v-storagevsp-admin","9","08/11/2022 05:04:43","NT AUTHORITY\SYSTEM","An I/O request for device 'C:\ClusterStorage\CSV-VM-PROD-01\MEHGALAXY-LIV\Winserver2012_R2_disk_1_F9DD5B57-2642-4ECC-B154-CB0F8A159A25.avhdx' took 10164 milliseconds to complete. Operation code = READ SUB CHANNEL, Data transfer length = 1000, Status = SRB_STATUS_SUCCESS."
"MEHVMC18","Microsoft-Windows-Hyper-V-StorageVSP-Admin","9","08/11/2022 05:04:42","NT AUTHORITY\SYSTEM","An I/O request for device 'C:\ClusterStorage\CSV-VM-PROD-03\MEHBACS\WIN2012R2-AUG16_DISK_1.VHDX' took 10393 milliseconds to complete. Operation code = READ SUB CHANNEL, Data transfer length = 1000, Status = SRB_STATUS_SUCCESS."
"MEHVMC15","Microsoft-Windows-Hyper-V-StorageVSP-Admin","9","08/11/2022 05:04:33","NT AUTHORITY\SYSTEM","An I/O request for device 'C:\ClusterStorage\CSV-VM-PROD-21\MEHSHAREPOINT\Winserver2012_R2_disk_1_A40F1EAD-5CC0-4915-AA9A-5FA515BB6E6E.avhdx' took 10051 milliseconds to complete. Operation code = READ SUB CHANNEL, Data transfer length = 1000, Status = SRB_STATUS_SUCCESS."
"MEHVMC18","Microsoft-Windows-Hyper-V-StorageVSP-Admin","9","08/11/2022 05:04:32","NT AUTHORITY\SYSTEM","An I/O request for device 'C:\ClusterStorage\CSV-VM-PROD-03\MEHBACS\WIN2012R2-AUG16_DISK_1.VHDX' took 10268 milliseconds to complete. Operation code = READ SUB CHANNEL, Data transfer length = 1000, Status = SRB_STATUS_SUCCESS."
"MEHVMC12","Microsoft-Windows-Hyper-V-StorageVSP-Admin","9","08/11/2022 05:04:25","NT AUTHORITY\SYSTEM","An I/O request for device 'C:\ClusterStorage\CSV-VM-PROD-15\MEHDEPLOY\MEHDEPLOY_DISK_1_3DAF8739-EFF2-4186-8E78-096121B7A38B.avhdx' took 10152 milliseconds to complete. Operation code = READ SUB CHANNEL, Data transfer length = 1000, Status = SRB_STATUS_SUCCESS."
"MEHVMC15","Microsoft-Windows-Hyper-V-StorageVSP-Admin","9","08/11/2022 05:04:17","NT AUTHORITY\SYSTEM","An I/O request for device 'C:\ClusterStorage\CSV-VM-PROD-21\MEHIMAGENET\BLANK DISK 72GB DYN.VHDX' took 10339 milliseconds to complete. Operation code = READ SUB CHANNEL, Data transfer length = 1000, Status = SRB_STATUS_SUCCESS."
"MEHVMC18","Microsoft-Windows-Hyper-V-StorageVSP-Admin","9","08/11/2022 05:04:11","NT AUTHORITY\SYSTEM","An I/O request for device 'C:\ClusterStorage\CSV-VM-PROD-19\MEHPAFS\Win2019_disk_1.vhdx' took 10120 milliseconds to complete. Operation code = READ SUB CHANNEL, Data transfer length = 1000, Status = SRB_STATUS_SUCCESS."
"MEHVMC17","Microsoft-Windows-Hyper-V-StorageVSP-Admin","9","08/11/2022 05:04:07","NT AUTHORITY\SYSTEM","An I/O request for device 'C:\ClusterStorage\CSV-VM-PROD-35\MEHFORUM\2016 Image_disk_1b_98E52C94-5EAA-4558-9CE9-1C5BC066B9D2.avhdx' took 10259 milliseconds to complete. Operation code = READ SUB CHANNEL, Data transfer length = 1000, Status = SRB_STATUS_SUCCESS."
"MEHVMC18","Microsoft-Windows-Hyper-V-StorageVSP-Admin","9","08/11/2022 05:03:30","NT AUTHORITY\SYSTEM","An I/O request for device 'C:\ClusterStorage\CSV-VM-PROD-01\MEHOPTOVUE\BLANK DISK 72GB DYN.VHDX' took 10367 milliseconds to complete. Operation code = READ SUB CHANNEL, Data transfer length = 1000, Status = SRB_STATUS_SUCCESS."
"MEHVMC11","microsoft-windows-hyper-v-storagevsp-admin","9","08/11/2022 05:02:43","NT AUTHORITY\SYSTEM","An I/O request for device 'C:\ClusterStorage\CSV-VM-PROD-32\MEHTOMEYCASCIA-NEW\MEHTOMEYCASCIA-NEW_disk_1_711F05AD-F11F-4287-831B-A52CA0477F93.avhdx' took 10561 milliseconds to complete. Operation code = READ SUB CHANNEL, Data transfer length = 1000, Status = SRB_STATUS_SUCCESS."
"MEHVMC18","Microsoft-Windows-Hyper-V-StorageVSP-Admin","9","08/11/2022 05:02:31","NT AUTHORITY\SYSTEM","An I/O request for device 'C:\ClusterStorage\CSV-VM-PROD-01\MEHOPTOVUE\BLANK DISK 72GB DYN.VHDX' took 10364 milliseconds to complete. Operation code = READ SUB CHANNEL, Data transfer length = 1000, Status = SRB_STATUS_SUCCESS."
"MEHVMC18","Microsoft-Windows-Hyper-V-StorageVSP-Admin","9","08/11/2022 04:07:12","NT AUTHORITY\SYSTEM","An I/O request for device 'C:\ClusterStorage\CSV-VM-PROD-04\MEHRDWEB1\2016 Image_disk_1.vhdx' took 10308 milliseconds to complete. Operation code = READ SUB CHANNEL, Data transfer length = 1000, Status = SRB_STATUS_SUCCESS."
"MEHVMC15","Microsoft-Windows-Hyper-V-StorageVSP-Admin","9","08/11/2022 04:06:32","NT AUTHORITY\SYSTEM","An I/O request for device 'C:\ClusterStorage\CSV-VM-PROD-21\MEHIMAGENET\BLANK DISK 72GB DYN.VHDX' took 10041 milliseconds to complete. Operation code = READ SUB CHANNEL, Data transfer length = 1000, Status = SRB_STATUS_SUCCESS."
"MEHVMC13","microsoft-windows-hyper-v-storagevsp-admin","9","08/11/2022 04:05:46","NT AUTHORITY\SYSTEM","An I/O request for device 'C:\ClusterStorage\CSV-VM-PROD-26\MEHCB-01\MEHGW-01_disk_1.vhdx' took 10312 milliseconds to complete. Operation code = READ SUB CHANNEL, Data transfer length = 1000, Status = SRB_STATUS_SUCCESS."
"MEHVMC17","Microsoft-Windows-Hyper-V-StorageVSP-Admin","9","08/11/2022 04:03:57","NT AUTHORITY\SYSTEM","An I/O request for device 'C:\ClusterStorage\CSV-VM-PROD-35\MEHFORUM\2016 Image_disk_1b_98E52C94-5EAA-4558-9CE9-1C5BC066B9D2.avhdx' took 10434 milliseconds to complete. Operation code = READ SUB CHANNEL, Data transfer length = 1000, Status = SRB_STATUS_SUCCESS."
"MEHVMC16","Microsoft-Windows-Hyper-V-StorageVSP-Admin","9","08/11/2022 04:03:29","NT AUTHORITY\SYSTEM","An I/O request for device 'C:\ClusterStorage\CSV-VM-PROD-07\MEHSW\WIN2012R2-AUG16_DISK_1.VHDX' took 10732 milliseconds to complete. Operation code = READ SUB CHANNEL, Data transfer length = 1000, Status = SRB_STATUS_SUCCESS."
"MEHVMC15","Microsoft-Windows-Hyper-V-StorageVSP-Admin","9","08/11/2022 04:03:27","NT AUTHORITY\SYSTEM","An I/O request for device 'C:\ClusterStorage\CSV-VM-PROD-21\MEHSHAREPOINT\Winserver2012_R2_disk_1_A40F1EAD-5CC0-4915-AA9A-5FA515BB6E6E.avhdx' took 10127 milliseconds to complete. Operation code = READ SUB CHANNEL, Data transfer length = 1000, Status = SRB_STATUS_SUCCESS."
"MEHVMC18","Microsoft-Windows-Hyper-V-StorageVSP-Admin","9","08/11/2022 04:03:17","NT AUTHORITY\SYSTEM","An I/O request for device 'C:\ClusterStorage\CSV-VM-PROD-21\MEHFORUM-GW\MEHSOFS01_DISK_1.VHDX' took 10830 milliseconds to complete. Operation code = READ SUB CHANNEL, Data transfer length = 1000, Status = SRB_STATUS_SUCCESS."
"MEHVMC18","Microsoft-Windows-Hyper-V-StorageVSP-Admin","9","08/11/2022 04:03:13","NT AUTHORITY\SYSTEM","An I/O request for device 'C:\ClusterStorage\CSV-VM-PROD-31\MEHJITBIT\WIN2012R2SYSTEM.VHDX' took 10298 milliseconds to complete. Operation code = READ SUB CHANNEL, Data transfer length = 1000, Status = SRB_STATUS_SUCCESS."
"MEHVMC11","microsoft-windows-hyper-v-storagevsp-admin","9","08/11/2022 04:02:56","NT AUTHORITY\SYSTEM","An I/O request for device 'C:\ClusterStorage\CSV-VM-PROD-32\MEHTOMEYCASCIA-NEW\MEHTOMEYCASCIA-NEW_disk_1_711F05AD-F11F-4287-831B-A52CA0477F93.avhdx' took 10358 milliseconds to complete. Operation code = READ SUB CHANNEL, Data transfer length = 1000, Status = SRB_STATUS_SUCCESS."
"MEHVMC11","microsoft-windows-hyper-v-storagevsp-admin","9","08/11/2022 04:02:36","NT AUTHORITY\SYSTEM","An I/O request for device 'C:\ClusterStorage\CSV-VM-PROD-32\MEHTOMEYCASCIA-NEW\MEHTOMEYCASCIA-NEW_disk_1_711F05AD-F11F-4287-831B-A52CA0477F93.avhdx' took 10000 milliseconds to complete. Operation code = READ SUB CHANNEL, Data transfer length = 1000, Status = SRB_STATUS_SUCCESS."
"MEHVMC11","microsoft-windows-hyper-v-storagevsp-admin","9","08/11/2022 03:47:25","NT AUTHORITY\SYSTEM","An I/O request for device 'C:\ClusterStorage\CSV-VM-PROD-21\MEHFortiEMS\WIN2012R2SYSTEM_095C3AF2-0DD4-44C3-9028-6F21702EAFC6.avhdx' took 13467 milliseconds to complete. Operation code = READ SUB CHANNEL, Data transfer length = 1000, Status = SRB_STATUS_SUCCESS."
"MEHVMC11","microsoft-windows-hyper-v-storagevsp-admin","9","08/11/2022 03:45:40","NT AUTHORITY\SYSTEM","An I/O request for device 'C:\ClusterStorage\CSV-VM-PROD-21\MEHFortiEMS\WIN2012R2SYSTEM_095C3AF2-0DD4-44C3-9028-6F21702EAFC6.avhdx' took 13752 milliseconds to complete. Operation code = READ SUB CHANNEL, Data transfer length = 1000, Status = SRB_STATUS_SUCCESS."
"MEHVMC11","microsoft-windows-hyper-v-storagevsp-admin","9","08/11/2022 03:45:13","NT AUTHORITY\SYSTEM","An I/O request for device 'C:\ClusterStorage\CSV-VM-PROD-21\MEHFortiEMS\WIN2012R2SYSTEM_095C3AF2-0DD4-44C3-9028-6F21702EAFC6.avhdx' took 12633 milliseconds to complete. Operation code = READ SUB CHANNEL, Data transfer length = 1000, Status = SRB_STATUS_SUCCESS."
"MEHVMC11","microsoft-windows-hyper-v-storagevsp-admin","9","08/11/2022 03:45:00","NT AUTHORITY\SYSTEM","An I/O request for device 'C:\ClusterStorage\CSV-VM-PROD-21\MEHFortiEMS\WIN2012R2SYSTEM_095C3AF2-0DD4-44C3-9028-6F21702EAFC6.avhdx' took 11767 milliseconds to complete. Operation code = READ SUB CHANNEL, Data transfer length = 1000, Status = SRB_STATUS_SUCCESS."
"MEHVMC11","microsoft-windows-hyper-v-storagevsp-admin","9","08/11/2022 03:44:48","NT AUTHORITY\SYSTEM","An I/O request for device 'C:\ClusterStorage\CSV-VM-PROD-21\MEHFortiEMS\WIN2012R2SYSTEM_095C3AF2-0DD4-44C3-9028-6F21702EAFC6.avhdx' took 13446 milliseconds to complete. Operation code = READ SUB CHANNEL, Data transfer length = 1000, Status = SRB_STATUS_SUCCESS."
"MEHVMC11","microsoft-windows-hyper-v-storagevsp-admin","9","08/11/2022 03:39:55","NT AUTHORITY\SYSTEM","An I/O request for device 'C:\ClusterStorage\CSV-VM-PROD-21\MEHFortiEMS\WIN2012R2SYSTEM_095C3AF2-0DD4-44C3-9028-6F21702EAFC6.avhdx' took 10285 milliseconds to complete. Operation code = READ SUB CHANNEL, Data transfer length = 1000, Status = SRB_STATUS_SUCCESS."
"MEHVMC11","microsoft-windows-hyper-v-storagevsp-admin","9","08/11/2022 03:39:21","","An I/O request for device 'C:\ClusterStorage\CSV-VM-PROD-21\MEHFortiEMS\WIN2012R2SYSTEM_095C3AF2-0DD4-44C3-9028-6F21702EAFC6.avhdx' took 18709 milliseconds to complete. Operation code = READ16, Data transfer length = 4096, Status = SRB_STATUS_SUCCESS."
"MEHVMC11","microsoft-windows-hyper-v-storagevsp-admin","9","08/11/2022 03:39:02","","An I/O request for device 'C:\ClusterStorage\CSV-VM-PROD-21\MEHFortiEMS\WIN2012R2SYSTEM_095C3AF2-0DD4-44C3-9028-6F21702EAFC6.avhdx' took 11244 milliseconds to complete. Operation code = READ16, Data transfer length = 4096, Status = SRB_STATUS_SUCCESS."
"MEHVMC11","microsoft-windows-hyper-v-storagevsp-admin","9","08/11/2022 03:35:32","","An I/O request for device 'C:\ClusterStorage\CSV-VM-PROD-21\MEHFortiEMS\WIN2012R2SYSTEM_095C3AF2-0DD4-44C3-9028-6F21702EAFC6.avhdx' took 14562 milliseconds to complete. Operation code = READ16, Data transfer length = 16384, Status = SRB_STATUS_SUCCESS."
"MEHVMC11","microsoft-windows-hyper-v-storagevsp-admin","9","08/11/2022 03:34:59","NT AUTHORITY\SYSTEM","An I/O request for device 'C:\ClusterStorage\CSV-VM-PROD-21\MEHFortiEMS\WIN2012R2SYSTEM_095C3AF2-0DD4-44C3-9028-6F21702EAFC6.avhdx' took 15769 milliseconds to complete. Operation code = READ SUB CHANNEL, Data transfer length = 1000, Status = SRB_STATUS_SUCCESS."
"MEHVMC11","microsoft-windows-hyper-v-storagevsp-admin","9","08/11/2022 03:34:06","NT AUTHORITY\SYSTEM","An I/O request for device 'C:\ClusterStorage\CSV-VM-PROD-12\MEHHPINSIGHTRS\Win2019_disk_1.vhdx' took 11830 milliseconds to complete. Operation code = READ SUB CHANNEL, Data transfer length = 1000, Status = SRB_STATUS_SUCCESS."
"MEHVMC11","microsoft-windows-hyper-v-storagevsp-admin","9","08/11/2022 03:33:54","NT AUTHORITY\SYSTEM","An I/O request for device 'C:\ClusterStorage\CSV-VM-PROD-12\MEHHPINSIGHTRS\Win2019_disk_1.vhdx' took 10442 milliseconds to complete. Operation code = READ SUB CHANNEL, Data transfer length = 1000, Status = SRB_STATUS_SUCCESS."
"MEHVMC13","microsoft-windows-hyper-v-storagevsp-admin","9","08/11/2022 03:33:54","NT AUTHORITY\SYSTEM","An I/O request for device 'C:\ClusterStorage\CSV-VM-PROD-05\MEHCITOWEB02\2016 IMAGE_DISK_1_BFA26462-E8C3-4C14-911E-5DD528950ECF.avhdx' took 10933 milliseconds to complete. Operation code = WRITE16, Data transfer length = 8192, Status = SRB_STATUS_SUCCESS."
"MEHVMC11","microsoft-windows-hyper-v-storagevsp-admin","9","08/11/2022 03:33:44","NT AUTHORITY\SYSTEM","An I/O request for device 'C:\ClusterStorage\CSV-VM-PROD-12\MEHHPINSIGHTRS\Win2019_disk_1.vhdx' took 11160 milliseconds to complete. Operation code = READ SUB CHANNEL, Data transfer length = 1000, Status = SRB_STATUS_SUCCESS."
"MEHVMC11","microsoft-windows-hyper-v-storagevsp-admin","9","08/11/2022 03:28:31","NT AUTHORITY\SYSTEM","An I/O request for device 'C:\ClusterStorage\CSV-VM-PROD-21\MEHFortiEMS\WIN2012R2SYSTEM_095C3AF2-0DD4-44C3-9028-6F21702EAFC6.avhdx' took 14619 milliseconds to complete. Operation code = READ SUB CHANNEL, Data transfer length = 1000, Status = SRB_STATUS_SUCCESS."
"MEHVMC11","microsoft-windows-hyper-v-storagevsp-admin","9","08/11/2022 03:25:48","NT AUTHORITY\SYSTEM","An I/O request for device 'C:\ClusterStorage\CSV-VM-PROD-21\MEHFortiEMS\WIN2012R2SYSTEM_095C3AF2-0DD4-44C3-9028-6F21702EAFC6.avhdx' took 31165 milliseconds to complete. Operation code = READ SUB CHANNEL, Data transfer length = 1000, Status = SRB_STATUS_SUCCESS."
"MEHVMC11","microsoft-windows-hyper-v-storagevsp-admin","9","08/11/2022 03:25:09","NT AUTHORITY\SYSTEM","An I/O request for device 'C:\ClusterStorage\CSV-VM-PROD-21\MEHFortiEMS\WIN2012R2SYSTEM_095C3AF2-0DD4-44C3-9028-6F21702EAFC6.avhdx' took 11104 milliseconds to complete. Operation code = READ SUB CHANNEL, Data transfer length = 1000, Status = SRB_STATUS_SUCCESS."
"MEHVMC11","microsoft-windows-hyper-v-storagevsp-admin","9","08/11/2022 03:24:57","NT AUTHORITY\SYSTEM","An I/O request for device 'C:\ClusterStorage\CSV-VM-PROD-21\MEHFortiEMS\WIN2012R2SYSTEM_095C3AF2-0DD4-44C3-9028-6F21702EAFC6.avhdx' took 28028 milliseconds to complete. Operation code = READ SUB CHANNEL, Data transfer length = 1000, Status = SRB_STATUS_SUCCESS."
"MEHVMC11","microsoft-windows-hyper-v-storagevsp-admin","9","08/11/2022 03:23:51","NT AUTHORITY\SYSTEM","An I/O request for device 'C:\ClusterStorage\CSV-VM-PROD-21\MEHFortiEMS\WIN2012R2SYSTEM_095C3AF2-0DD4-44C3-9028-6F21702EAFC6.avhdx' took 37774 milliseconds to complete. Operation code = READ SUB CHANNEL, Data transfer length = 1000, Status = SRB_STATUS_SUCCESS."
"MEHVMC11","microsoft-windows-hyper-v-storagevsp-admin","9","08/11/2022 03:23:12","NT AUTHORITY\SYSTEM","An I/O request for device 'C:\ClusterStorage\CSV-VM-PROD-21\MEHFortiEMS\WIN2012R2SYSTEM_095C3AF2-0DD4-44C3-9028-6F21702EAFC6.avhdx' took 20714 milliseconds to complete. Operation code = WRITE16, Data transfer length = 98304, Status = SRB_STATUS_SUCCESS."
"MEHVMC11","microsoft-windows-hyper-v-storagevsp-admin","9","08/11/2022 03:23:11","","An I/O request for device 'C:\ClusterStorage\CSV-VM-PROD-21\MEHFortiEMS\WIN2012R2SYSTEM_095C3AF2-0DD4-44C3-9028-6F21702EAFC6.avhdx' took 23913 milliseconds to complete. Operation code = READ16, Data transfer length = 4096, Status = SRB_STATUS_SUCCESS."
"MEHVMC11","microsoft-windows-hyper-v-storagevsp-admin","9","08/11/2022 03:22:48","","An I/O request for device 'C:\ClusterStorage\CSV-VM-PROD-21\MEHFortiEMS\WIN2012R2SYSTEM_095C3AF2-0DD4-44C3-9028-6F21702EAFC6.avhdx' took 28140 milliseconds to complete. Operation code = READ16, Data transfer length = 32768, Status = SRB_STATUS_SUCCESS."
"MEHVMC11","microsoft-windows-hyper-v-storagevsp-admin","9","08/11/2022 03:22:48","","An I/O request for device 'C:\ClusterStorage\CSV-VM-PROD-21\MEHFortiEMS\WIN2012R2SYSTEM_095C3AF2-0DD4-44C3-9028-6F21702EAFC6.avhdx' took 13908 milliseconds to complete. Operation code = READ16, Data transfer length = 65536, Status = SRB_STATUS_SUCCESS."
"MEHVMC11","microsoft-windows-hyper-v-storagevsp-admin","9","08/11/2022 03:22:19","NT AUTHORITY\SYSTEM","An I/O request for device 'C:\ClusterStorage\CSV-VM-PROD-21\MEHFortiEMS\WIN2012R2SYSTEM_095C3AF2-0DD4-44C3-9028-6F21702EAFC6.avhdx' took 22734 milliseconds to complete. Operation code = WRITE16, Data transfer length = 4096, Status = SRB_STATUS_SUCCESS."
"MEHVMC11","microsoft-windows-hyper-v-storagevsp-admin","9","08/11/2022 03:22:19","","An I/O request for device 'C:\ClusterStorage\CSV-VM-PROD-21\MEHFortiEMS\WIN2012R2SYSTEM_095C3AF2-0DD4-44C3-9028-6F21702EAFC6.avhdx' took 22973 milliseconds to complete. Operation code = READ16, Data transfer length = 65536, Status = SRB_STATUS_SUCCESS."
"MEHVMC11","microsoft-windows-hyper-v-storagevsp-admin","9","08/11/2022 03:22:16","NT AUTHORITY\SYSTEM","An I/O request for device 'C:\ClusterStorage\CSV-VM-PROD-21\MEHFortiEMS\WIN2012R2SYSTEM_095C3AF2-0DD4-44C3-9028-6F21702EAFC6.avhdx' took 11320 milliseconds to complete. Operation code = READ SUB CHANNEL, Data transfer length = 1000, Status = SRB_STATUS_SUCCESS."
"MEHVMC11","microsoft-windows-hyper-v-storagevsp-admin","9","08/11/2022 03:21:46","NT AUTHORITY\SYSTEM","An I/O request for device 'C:\ClusterStorage\CSV-VM-PROD-21\MEHFortiEMS\WIN2012R2SYSTEM_095C3AF2-0DD4-44C3-9028-6F21702EAFC6.avhdx' took 22742 milliseconds to complete. Operation code = READ SUB CHANNEL, Data transfer length = 1000, Status = SRB_STATUS_SUCCESS."
"MEHVMC11","microsoft-windows-hyper-v-storagevsp-admin","9","08/11/2022 03:18:45","NT AUTHORITY\SYSTEM","An I/O request for device 'C:\ClusterStorage\CSV-VM-PROD-34\MEHUrBackup\Blank Disk 146GB Dyn.vhdx' took 12230 milliseconds to complete. Operation code = READ SUB CHANNEL, Data transfer length = 1000, Status = SRB_STATUS_SUCCESS."
"MEHVMC15","Microsoft-Windows-Hyper-V-StorageVSP-Admin","9","08/11/2022 03:08:28","NT AUTHORITY\SYSTEM","An I/O request for device 'C:\ClusterStorage\CSV-VM-PROD-08\RES-SQL02\MEHCOHORT_disk_1.vhdx' took 13489 milliseconds to complete. Operation code = READ SUB CHANNEL, Data transfer length = 1000, Status = SRB_STATUS_SUCCESS."
"MEHVMC14","Microsoft-Windows-Hyper-V-StorageVSP-Admin","9","08/11/2022 03:07:50","NT AUTHORITY\SYSTEM","An I/O request for device 'C:\ClusterStorage\CSV-VM-PROD-35\MEHPRIPAT-BO\Win2019_disk_1.vhdx' took 10411 milliseconds to complete. Operation code = READ SUB CHANNEL, Data transfer length = 1000, Status = SRB_STATUS_SUCCESS."
"MEHVMC15","Microsoft-Windows-Hyper-V-StorageVSP-Admin","9","08/11/2022 03:07:37","NT AUTHORITY\SYSTEM","An I/O request for device 'C:\ClusterStorage\CSV-VM-PROD-08\RES-SQL02\MEHCOHORT_disk_1.vhdx' took 10339 milliseconds to complete. Operation code = READ SUB CHANNEL, Data transfer length = 1000, Status = SRB_STATUS_SUCCESS."
"MEHVMC14","Microsoft-Windows-Hyper-V-StorageVSP-Admin","9","08/11/2022 03:07:20","NT AUTHORITY\SYSTEM","An I/O request for device 'C:\ClusterStorage\CSV-VM-PROD-35\MEHPRIPAT-BO\Win2019_disk_1.vhdx' took 10929 milliseconds to complete. Operation code = READ SUB CHANNEL, Data transfer length = 1000, Status = SRB_STATUS_SUCCESS."
"MEHVMC14","Microsoft-Windows-Hyper-V-StorageVSP-Admin","9","08/11/2022 03:07:09","NT AUTHORITY\SYSTEM","An I/O request for device 'C:\ClusterStorage\CSV-VM-PROD-35\MEHPRIPAT-BO\Win2019_disk_1.vhdx' took 12233 milliseconds to complete. Operation code = READ SUB CHANNEL, Data transfer length = 1000, Status = SRB_STATUS_SUCCESS."
"MEHVMC15","Microsoft-Windows-Hyper-V-StorageVSP-Admin","9","08/11/2022 03:07:05","NT AUTHORITY\SYSTEM","An I/O request for device 'C:\ClusterStorage\CSV-VM-PROD-08\RES-SQL02\MEHCOHORT_disk_1.vhdx' took 11419 milliseconds to complete. Operation code = READ SUB CHANNEL, Data transfer length = 1000, Status = SRB_STATUS_SUCCESS."
"MEHVMC15","Microsoft-Windows-Hyper-V-StorageVSP-Admin","9","08/11/2022 03:06:54","NT AUTHORITY\SYSTEM","An I/O request for device 'C:\ClusterStorage\CSV-VM-PROD-08\RES-SQL02\MEHCOHORT_disk_1.vhdx' took 11087 milliseconds to complete. Operation code = READ SUB CHANNEL, Data transfer length = 1000, Status = SRB_STATUS_SUCCESS."
"MEHVMC13","microsoft-windows-hyper-v-storagevsp-admin","9","08/11/2022 03:06:53","NT AUTHORITY\SYSTEM","An I/O request for device 'C:\ClusterStorage\CSV-VM-PROD-03\APPLICATIONS2\APPLICATIONS2_DISK_1.VHDX' took 10268 milliseconds to complete. Operation code = READ SUB CHANNEL, Data transfer length = 1000, Status = SRB_STATUS_SUCCESS."
"MEHVMC14","Microsoft-Windows-Hyper-V-StorageVSP-Admin","9","08/11/2022 03:06:47","NT AUTHORITY\SYSTEM","An I/O request for device 'C:\ClusterStorage\CSV-VM-PROD-35\MEHPRIPAT-BO\Win2019_disk_1.vhdx' took 15138 milliseconds to complete. Operation code = READ SUB CHANNEL, Data transfer length = 1000, Status = SRB_STATUS_SUCCESS."
"MEHVMC15","Microsoft-Windows-Hyper-V-StorageVSP-Admin","9","08/11/2022 03:06:43","NT AUTHORITY\SYSTEM","An I/O request for device 'C:\ClusterStorage\CSV-VM-PROD-08\RES-SQL02\MEHCOHORT_disk_1.vhdx' took 11842 milliseconds to complete. Operation code = READ SUB CHANNEL, Data transfer length = 1000, Status = SRB_STATUS_SUCCESS."
"MEHVMC13","microsoft-windows-hyper-v-storagevsp-admin","9","08/11/2022 03:06:37","NT AUTHORITY\SYSTEM","An I/O request for device 'C:\ClusterStorage\CSV-VM-PROD-03\APPLICATIONS2\APPLICATIONS2_DISK_1.VHDX' took 10048 milliseconds to complete. Operation code = READ SUB CHANNEL, Data transfer length = 984, Status = SRB_STATUS_SUCCESS."
"MEHVMC15","Microsoft-Windows-Hyper-V-StorageVSP-Admin","9","08/11/2022 03:06:31","NT AUTHORITY\SYSTEM","An I/O request for device 'C:\ClusterStorage\CSV-VM-PROD-08\RES-SQL02\MEHCOHORT_disk_1.vhdx' took 13048 milliseconds to complete. Operation code = READ SUB CHANNEL, Data transfer length = 1000, Status = SRB_STATUS_SUCCESS."
"MEHVMC14","Microsoft-Windows-Hyper-V-StorageVSP-Admin","9","08/11/2022 03:06:23","NT AUTHORITY\SYSTEM","An I/O request for device 'C:\ClusterStorage\CSV-VM-PROD-35\MEHPRIPAT-BO\Win2019_disk_1.vhdx' took 33412 milliseconds to complete. Operation code = READ SUB CHANNEL, Data transfer length = 1000, Status = SRB_STATUS_SUCCESS."
"MEHVMC14","Microsoft-Windows-Hyper-V-StorageVSP-Admin","9","08/11/2022 03:05:50","NT AUTHORITY\SYSTEM","An I/O request for device 'C:\ClusterStorage\CSV-VM-PROD-35\MEHPRIPAT-BO\Win2019_disk_1.vhdx' took 12528 milliseconds to complete. Operation code = READ SUB CHANNEL, Data transfer length = 264, Status = SRB_STATUS_SUCCESS."
"MEHVMC17","Microsoft-Windows-Hyper-V-StorageVSP-Admin","9","08/11/2022 03:05:36","NT AUTHORITY\SYSTEM","An I/O request for device 'C:\ClusterStorage\CSV-VM-PROD-35\MEHFORUM\2016 Image_disk_1b_98E52C94-5EAA-4558-9CE9-1C5BC066B9D2.avhdx' took 10201 milliseconds to complete. Operation code = READ SUB CHANNEL, Data transfer length = 1000, Status = SRB_STATUS_SUCCESS."
"MEHVMC17","Microsoft-Windows-Hyper-V-StorageVSP-Admin","9","08/11/2022 03:04:41","NT AUTHORITY\SYSTEM","An I/O request for device 'C:\ClusterStorage\CSV-VM-PROD-16\MEHDAWN\WIN2012R2-AUG16_DISK_1.VHDX' took 15210 milliseconds to complete. Operation code = READ SUB CHANNEL, Data transfer length = 1000, Status = SRB_STATUS_SUCCESS."
"MEHVMC16","Microsoft-Windows-Hyper-V-StorageVSP-Admin","9","08/11/2022 03:03:28","NT AUTHORITY\SYSTEM","An I/O request for device 'C:\ClusterStorage\CSV-VM-PROD-07\MEHSW\WIN2012R2-AUG16_DISK_1.VHDX' took 10320 milliseconds to complete. Operation code = READ SUB CHANNEL, Data transfer length = 984, Status = SRB_STATUS_SUCCESS."
"MEHVMC13","microsoft-windows-hyper-v-storagevsp-admin","9","08/11/2022 03:02:59","NT AUTHORITY\SYSTEM","An I/O request for device 'C:\ClusterStorage\CSV-VM-PROD-03\APPLICATIONS2\APPLICATIONS2_DISK_1.VHDX' took 10671 milliseconds to complete. Operation code = READ SUB CHANNEL, Data transfer length = 1000, Status = SRB_STATUS_SUCCESS."
"MEHVMC15","Microsoft-Windows-Hyper-V-StorageVSP-Admin","9","08/11/2022 03:02:58","NT AUTHORITY\SYSTEM","An I/O request for device 'C:\ClusterStorage\CSV-VM-PROD-06\MEHRPS-02\2016 Image_disk_1.vhdx' took 11842 milliseconds to complete. Operation code = READ SUB CHANNEL, Data transfer length = 1000, Status = SRB_STATUS_SUCCESS."
"MEHVMC11","microsoft-windows-hyper-v-storagevsp-admin","9","08/11/2022 03:02:42","NT AUTHORITY\SYSTEM","An I/O request for device 'C:\ClusterStorage\CSV-VM-PROD-32\MEHTOMEYCASCIA-NEW\MEHTOMEYCASCIA-NEW_disk_1_711F05AD-F11F-4287-831B-A52CA0477F93.avhdx' took 10192 milliseconds to complete. Operation code = READ SUB CHANNEL, Data transfer length = 1000, Status = SRB_STATUS_SUCCESS."
"MEHVMC18","Microsoft-Windows-Hyper-V-VMMS-Admin","19100","08/11/2022 02:51:35","NT AUTHORITY\SYSTEM","'RES-PRINT01' background disk merge failed to complete: The process cannot access the file because it is being used by another process. (0x80070020). (Virtual machine ID B79147AE-AD1D-4335-AC37-C2969520A1F6)"
"MEHVMC18","Microsoft-Windows-Hyper-V-VMMS-Admin","19100","08/11/2022 02:21:35","NT AUTHORITY\SYSTEM","'RES-PRINT01' background disk merge failed to complete: The process cannot access the file because it is being used by another process. (0x80070020). (Virtual machine ID B79147AE-AD1D-4335-AC37-C2969520A1F6)"
"MEHVMC18","Microsoft-Windows-Hyper-V-StorageVSP-Admin","9","08/11/2022 02:10:58","","An I/O request for device 'C:\ClusterStorage\CSV-VM-PROD-03\MEHBACS\WIN2012R2-AUG16_DISK_1.VHDX' took 10938 milliseconds to complete. Operation code = READ16, Data transfer length = 65536, Status = SRB_STATUS_SUCCESS."
"MEHVMC18","Microsoft-Windows-Hyper-V-StorageVSP-Admin","9","08/11/2022 02:07:42","","An I/O request for device 'C:\ClusterStorage\CSV-VM-PROD-03\MEHBACS\WIN2012R2-AUG16_DISK_1.VHDX' took 24275 milliseconds to complete. Operation code = READ16, Data transfer length = 65536, Status = SRB_STATUS_SUCCESS."
"MEHVMC17","Microsoft-Windows-Hyper-V-StorageVSP-Admin","9","08/11/2022 02:06:38","","An I/O request for device 'C:\ClusterStorage\CSV-VM-PROD-31\MEHOSIRM1\Win2019_disk_1.vhdx' took 14131 milliseconds to complete. Operation code = WRITE16, Data transfer length = 20480, Status = SRB_STATUS_SUCCESS."
"MEHVMC17","Microsoft-Windows-Hyper-V-StorageVSP-Admin","9","08/11/2022 02:05:48","NT AUTHORITY\SYSTEM","An I/O request for device 'C:\ClusterStorage\CSV-VM-PROD-35\MEHFORUM\2016 Image_disk_1b_98E52C94-5EAA-4558-9CE9-1C5BC066B9D2.avhdx' took 10405 milliseconds to complete. Operation code = READ SUB CHANNEL, Data transfer length = 712, Status = SRB_STATUS_SUCCESS."
"MEHVMC13","microsoft-windows-hyper-v-storagevsp-admin","9","08/11/2022 02:05:11","NT AUTHORITY\SYSTEM","An I/O request for device 'C:\ClusterStorage\CSV-VM-PROD-03\APPLICATIONS2\APPLICATIONS2_DISK_1.VHDX' took 10244 milliseconds to complete. Operation code = READ SUB CHANNEL, Data transfer length = 1000, Status = SRB_STATUS_SUCCESS."
"MEHVMC11","microsoft-windows-hyper-v-storagevsp-admin","9","08/11/2022 02:02:58","NT AUTHORITY\SYSTEM","An I/O request for device 'C:\ClusterStorage\CSV-VM-PROD-32\MEHTOMEYCASCIA-NEW\MEHTOMEYCASCIA-NEW_disk_1_711F05AD-F11F-4287-831B-A52CA0477F93.avhdx' took 10550 milliseconds to complete. Operation code = READ SUB CHANNEL, Data transfer length = 1000, Status = SRB_STATUS_SUCCESS."
"MEHVMC15","Microsoft-Windows-Hyper-V-StorageVSP-Admin","9","08/11/2022 02:02:58","NT AUTHORITY\SYSTEM","An I/O request for device 'C:\ClusterStorage\CSV-VM-PROD-11\MEHCITOADMIN\MEHNCE_DISK_1.VHDX' took 12269 milliseconds to complete. Operation code = READ SUB CHANNEL, Data transfer length = 1000, Status = SRB_STATUS_SUCCESS."
"MEHVMC17","Microsoft-Windows-Hyper-V-StorageVSP-Admin","9","08/11/2022 02:02:21","NT AUTHORITY\SYSTEM","An I/O request for device 'C:\ClusterStorage\CSV-VM-PROD-03\MEHNCE\MEHNCE_DISK_1.VHDX' took 10347 milliseconds to complete. Operation code = READ SUB CHANNEL, Data transfer length = 968, Status = SRB_STATUS_SUCCESS."
"MEHVMC18","Microsoft-Windows-Hyper-V-VMMS-Admin","19100","08/11/2022 01:51:34","NT AUTHORITY\SYSTEM","'RES-PRINT01' background disk merge failed to complete: The process cannot access the file because it is being used by another process. (0x80070020). (Virtual machine ID B79147AE-AD1D-4335-AC37-C2969520A1F6)"
"MEHVMC18","Microsoft-Windows-Hyper-V-VMMS-Admin","19100","08/11/2022 01:21:35","NT AUTHORITY\SYSTEM","'RES-PRINT01' background disk merge failed to complete: The process cannot access the file because it is being used by another process. (0x80070020). (Virtual machine ID B79147AE-AD1D-4335-AC37-C2969520A1F6)"
"MEHVMC18","Microsoft-Windows-Hyper-V-VMMS-Admin","19100","08/11/2022 00:51:35","NT AUTHORITY\SYSTEM","'RES-PRINT01' background disk merge failed to complete: The process cannot access the file because it is being used by another process. (0x80070020). (Virtual machine ID B79147AE-AD1D-4335-AC37-C2969520A1F6)"
"MEHVMC18","Microsoft-Windows-Hyper-V-VMMS-Admin","19100","08/11/2022 00:21:35","NT AUTHORITY\SYSTEM","'RES-PRINT01' background disk merge failed to complete: The process cannot access the file because it is being used by another process. (0x80070020). (Virtual machine ID B79147AE-AD1D-4335-AC37-C2969520A1F6)"
"MEHVMC11","microsoft-windows-hyper-v-storagevsp-admin","9","08/11/2022 00:04:16","NT AUTHORITY\SYSTEM","An I/O request for device 'C:\ClusterStorage\CSV-VM-PROD-21\MEHFortiEMS\WIN2012R2SYSTEM_095C3AF2-0DD4-44C3-9028-6F21702EAFC6.avhdx' took 10015 milliseconds to complete. Operation code = READ SUB CHANNEL, Data transfer length = 1000, Status = SRB_STATUS_SUCCESS."
